,place,folder
2399,Alfhöjd,1920/
2239,Alfredshem,1945/
1091,Alfredshem,1952/
215,Alfredshem,1948/
2090,Alfredshem,1946/
2486,Alfredshem,1942/
144,Alfredshem,1943/
1156,Alingsås,1949/
138,Alingsås,1943/
220,Alingsås,1948/
1067,Alingsås,1952/
2246,Alingsås,1945/
622,Alingsås,1950/
1189,Alingsås,1951/
1650,Alsen,1944/
2536,Alsen,1942/
145,Alsen,1943/
1840,Angola,197576/
975,Antnäs,1934/
2423,Antnäs,1920/
422,Antnäs,1939/
1868,Antnäs,1931/
1387,Antnäs,1940/
274,Antnäs,1937/
75,Antnäs,1929/
469,Antnäs,1921/
1485,Antnäs,1930/
2127,Antnäs,1936/
1618,Antnäs,1938/
1716,Antnäs,1923/
324,Antnäs,1932/
895,Antnäs,1925/
1312,Antnäs,1926/
1815,Antnäs,1935/
798,Antnäs,1933/
773,Antnäs,1922/
570,Antnäs,1924/
1961,Antnäs,1928/
2356,Antnäs,1927/
1236,Appuna,1951/
674,Appuna,1950/
1044,Appuna,1952/
510,Arboga,1921/
2446,Arboga,1920/
2331,Arkösund,1927/
1320,Arkösund,1926/
1550,Arkösund,1930/
2007,Arkösund,1928/
2415,Aspa,1920/
1055,Aspeboda,1952/
1118,Aspeboda,1949/
2229,Aspeboda,1945/
201,Aspeboda,1948/
650,Aspeboda,1950/
1203,Aspeboda,1951/
2084,Aspeboda,1946/
1383,Atvidaberg,1940/
602,Backa,1924/
522,Backa,1921/
760,Backa,1922/
2418,Backa,1920/
372,Baggarbo,1932/
2010,Baggarbo,1928/
134,Bakeröd,1943/
189,Bakeröd,1948/
1659,Bakeröd,1944/
2318,Bakeröd,1947/
1444,Bakeröd,1941/
640,Bakeröd,1950/
1082,Bakeröd,1952/
2495,Bakeröd,1942/
1105,Bakeröd,1949/
1233,Bakeröd,1951/
2206,Bakeröd,1945/
2066,Bakeröd,1946/
1326,Berg,1926/
2440,Berg,1920/
592,Berg,1924/
929,Berg,1925/
1488,Berg,1930/
2364,Berg,1927/
335,Berg,1932/
1698,Berg,1923/
27,Berg,1929/
514,Berg,1921/
1993,Berg,1928/
753,Berg,1922/
2387,Betingetorp,1927/
1729,Bjuv,1923/
916,Bjuv,1925/
719,Bjuv,1922/
1980,Bjuv,1928/
1302,Bjuv,1926/
1892,Bjuv,1931/
598,Bjuv,1924/
2338,Bjuv,1927/
745,Bjälbo,1922/
1482,Bjälbo,1930/
1695,Bjälbo,1923/
500,Bjälbo,1921/
1266,Bjälbo,1926/
359,Bjälbo,1932/
2444,Bjälbo,1920/
2323,Bjälbo,1927/
920,Bjälbo,1925/
1997,Bjälbo,1928/
61,Bjälbo,1929/
1903,Bjälbo,1931/
1231,Björkäng,1951/
1038,Björkäng,1952/
1146,Björkäng,1949/
666,Björkäng,1950/
1342,Björnlunda,1940/
409,Björnlunda,1939/
1568,Björnlunda,1938/
571,Blädinge,1924/
910,Blädinge,1925/
771,Blädinge,1922/
49,Blädinge,1929/
1307,Blädinge,1926/
1713,Blädinge,1923/
2377,Blädinge,1927/
517,Blädinge,1921/
857,Blädinge,1933/
1023,Blädinge,1934/
1994,Blädinge,1928/
1911,Blädinge,1931/
379,Blädinge,1932/
1540,Boa,1930/
519,Boa,1921/
1967,Boa,1928/
2416,Boa,1920/
931,Boa,1925/
76,Boa,1929/
716,Boa,1922/
1746,Boa,1923/
589,Boa,1924/
2385,Boa,1927/
370,Boa,1932/
1296,Boa,1926/
167,Bodgla,1948/
2291,Bogla,1947/
657,Bogla,1950/
1391,Bogla,1940/
192,Bogla,1948/
269,Bogla,1937/
1062,Bogla,1952/
1675,Bogla,1944/
120,Bogla,1943/
1591,Bogla,1938/
1164,Bogla,1949/
1449,Bogla,1941/
2201,Bogla,1945/
2075,Bogla,1946/
1181,Bogla,1951/
825,Bonarp,1933/
586,Bonarp,1924/
2391,Bonarp,1927/
41,Bonarp,1929/
1987,Bonarp,1928/
1920,Bonarp,1931/
2429,Bonarp,1920/
1539,Bonarp,1930/
1190,Borås,1951/
1148,Borås,1949/
1064,Borås,1952/
659,Borås,1950/
1898,Boxholm,1931/
2174,Boxholm,1936/
54,Boxholm,1929/
1520,Boxholm,1930/
1382,Boxholm,1940/
425,Boxholm,1939/
1257,Boxholm,1926/
967,Boxholm,1934/
375,Boxholm,1932/
1585,Boxholm,1938/
278,Boxholm,1937/
2383,Boxholm,1927/
1802,Boxholm,1935/
911,Boxholm,1925/
1965,Boxholm,1928/
843,Boxholm,1933/
610,Boxholm,1924/
1891,Bramstorp,1931/
2134,Bramstorp,1936/
818,Bramstorp,1933/
67,Bramstorp,1929/
2435,Bramstorp,1920/
1781,Bramstorp,1935/
1494,Bramstorp,1930/
328,Bramstorp,1932/
499,Bramstorp,1921/
976,Bramstorp,1934/
2471,Brattfors,1920/
1479,Brattfors,1930/
1529,Bro,1930/
1708,Bro,1923/
835,Bro,1933/
1001,Bro,1934/
380,Bro,1932/
73,Bro,1929/
2158,Bro,1936/
1839,Bro,1935/
1845,Bro,1931/
575,Bro,1924/
875,Broaryd,1925/
1900,Broaryd,1931/
1522,Broaryd,1930/
544,Broaryd,1924/
848,Broaryd,1933/
1310,Broaryd,1926/
1952,Broaryd,1928/
2388,Broaryd,1927/
334,Broaryd,1932/
43,Broaryd,1929/
1007,Broaryd,1934/
1762,Broaryd,1923/
1834,Broaryd,1935/
766,Broaryd,1922/
881,Broberg,1925/
323,Broberg,1932/
1490,Broberg,1930/
1696,Broberg,1923/
2355,Broberg,1927/
1270,Broberg,1926/
744,Broberg,1922/
74,Broberg,1929/
525,Broberg,1921/
1914,Broberg,1931/
1992,Broberg,1928/
560,Broberg,1924/
2458,Broberg,1920/
1974,Broddbo,1928/
352,Brånalt,1932/
2001,Brånalt,1928/
2447,Brånalt,1920/
907,Brånalt,1925/
2361,Brånalt,1927/
565,Brånalt,1924/
770,Brånalt,1922/
1294,Brånalt,1926/
504,Brånalt,1921/
1752,Brånalt,1923/
1851,Brånalt,1931/
1546,Brånalt,1930/
2129,Burträsk,1936/
1453,Bussjö,1941/
343,Byske,1932/
22,Byske,1929/
1295,Bäck,1926/
742,Bäck,1922/
906,Bäck,1925/
527,Bäck,1921/
68,Bäckland,1929/
2359,Bäckland,1927/
1516,Bäckland,1930/
1274,Bäckland,1926/
2455,Bäckland,1920/
383,Bäckland,1932/
876,Bäckland,1925/
1902,Bäckland,1931/
523,Bäckland,1921/
1986,Bäckland,1928/
1185,Bästekille,1951/
1144,Bästekille,1949/
1039,Bästekille,1952/
662,Bästekille,1950/
961,Dahl,1934/
1394,Dahl,1941/
846,Dahl,1933/
2181,Dahl,1945/
424,Dahl,1939/
2261,Dahl,1947/
1139,Dahl,1949/
1176,Dahl,1951/
1368,Dahl,1940/
1034,Dahl,1952/
625,Dahl,1950/
2508,Dahl,1942/
244,Dahl,1937/
86,Dahl,1943/
161,Dahl,1948/
1626,Dahl,1944/
2111,Dahl,1936/
1794,Dahl,1935/
2041,Dahl,1946/
1593,Dahl,1938/
1683,Degerfors,1944/
143,Degerfors,1943/
1140,Degerfors,1949/
2191,Degerfors,1945/
1173,Degerfors,1951/
2296,Degerfors,1947/
1413,Degerfors,1941/
199,Degerfors,1948/
1057,Degerfors,1952/
2045,Degerfors,1946/
646,Degerfors,1950/
2346,Digernäs,1927/
1467,Digernäs,1930/
1704,Digernäs,1923/
951,Digernäs,1934/
1283,Digernäs,1926/
884,Digernäs,1925/
11,Digernäs,1929/
554,Digernäs,1924/
752,Digernäs,1922/
303,Digernäs,1932/
1818,Digernäs,1935/
1947,Digernäs,1928/
2130,Digernäs,1936/
801,Digernäs,1933/
1870,Digernäs,1931/
452,Djursnäs,1939/
1586,Djursnäs,1938/
281,Djursnäs,1937/
2166,Djursnäs,1936/
853,Djursnäs,1933/
2472,Dombäcksmark,1920/
1642,Doverstorp,1944/
1397,Doverstorp,1941/
149,Doverstorp,1948/
2478,Doverstorp,1942/
2256,Doverstorp,1947/
83,Doverstorp,1943/
2180,Doverstorp,1945/
2037,Doverstorp,1946/
50,Dunker,1929/
2288,Dunker,1947/
1212,Dunker,1951/
1604,Dunker,1938/
1150,Dunker,1949/
965,Dunker,1934/
2138,Dunker,1936/
1893,Dunker,1931/
1505,Dunker,1930/
174,Dunker,1948/
852,Dunker,1933/
386,Dunker,1939/
354,Dunker,1932/
2070,Dunker,1946/
273,Dunker,1937/
627,Dunker,1950/
1359,Dunker,1940/
1766,Dunker,1935/
2185,Dunker,1945/
1040,Dunker,1952/
1605,Dädesjö,1938/
1230,Dädesjö,1951/
1157,Dädesjö,1949/
2240,Dädesjö,1945/
1678,Dädesjö,1944/
221,Dädesjö,1948/
1097,Dädesjö,1952/
2145,Dädesjö,1936/
634,Dädesjö,1950/
448,Dädesjö,1939/
294,Dädesjö,1937/
2074,ELandafors,1946/
1748,Edsbyn,1923/
58,Edsbyn,1929/
1526,Edsbyn,1930/
730,Edsbyn,1922/
1318,Edsbyn,1926/
930,Edsbyn,1925/
367,Edsbyn,1932/
537,Edsbyn,1921/
1973,Edsbyn,1928/
2393,Edsbyn,1927/
1951,Edsbäcken,1928/
564,Edsbäcken,1924/
2434,Edsbäcken,1920/
1285,Edsbäcken,1926/
2375,Edsbäcken,1927/
748,Edsbäcken,1922/
1885,Edsbäcken,1931/
1736,Edsbäcken,1923/
902,Edsbäcken,1925/
1535,Edsbäcken,1930/
473,Edsbäcken,1921/
2469,Eliantorp,1920/
901,Erlandsro,1925/
1988,Erlandsro,1928/
1523,Erlandsro,1930/
2453,Erlandsro,1920/
368,Erlandsro,1932/
1309,Erlandsro,1926/
69,Erlandsro,1929/
1890,Erlandsro,1931/
2349,Erlandsro,1927/
647,Ersbacken,1950/
1100,Ersbacken,1952/
209,Ersbacken,1948/
1201,Ersbacken,1951/
2270,Ersbacken,1947/
1110,Ersbacken,1949/
2088,Ersbacken,1946/
2235,Ersbacken,1945/
1641,Eskilstuna,1944/
2116,Eskilstuna,1936/
2047,Eskilstuna,1946/
2226,Eskilstuna,1945/
342,Eskilstuna,1932/
1489,Eskilstuna,1930/
1562,Eskilstuna,1938/
995,Eskilstuna,1934/
1912,Eskilstuna,1931/
238,Eskilstuna,1937/
1396,Eskilstuna,1941/
1331,Eskilstuna,1940/
80,Eskilstuna,1943/
399,Eskilstuna,1939/
1305,Eskilstuna,1926/
547,Eskilstuna,1924/
747,Eskilstuna,1922/
1710,Eskilstuna,1923/
1963,Eskilstuna,1928/
3,Eskilstuna,1929/
2481,Eskilstuna,1942/
1792,Eskilstuna,1935/
793,Eskilstuna,1933/
1099,Essvik,1952/
2392,Falkenberg,1927/
970,Falkenberg,1934/
1590,Falkenberg,1938/
938,Falkenberg,1925/
1971,Falkenberg,1928/
1628,Falkenberg,1944/
804,Falkenberg,1933/
1828,Falkenberg,1935/
106,Falkenberg,1943/
1478,Falkenberg,1930/
2525,Falkenberg,1942/
1255,Falkenberg,1926/
258,Falkenberg,1937/
337,Falkenberg,1932/
1437,Falkenberg,1941/
1341,Falkenberg,1940/
1895,Falkenberg,1931/
427,Falkenberg,1939/
2152,Falkenberg,1936/
66,Falkenberg,1929/
1855,Falla,1931/
241,Falla,1937/
389,Falla,1939/
322,Falla,1932/
7,Falla,1929/
1532,Falla,1930/
2137,Falla,1936/
2222,Falla,1945/
78,Falla,1943/
1969,Falla,1928/
1404,Falla,1941/
1579,Falla,1938/
830,Falla,1933/
1355,Falla,1940/
1261,Falla,1926/
874,Falla,1925/
1661,Falla,1944/
1824,Falla,1935/
994,Falla,1934/
2489,Falla,1942/
260,Falun,1937/
549,Falun,1924/
2216,Falun,1945/
897,Falun,1925/
1284,Falun,1926/
824,Falun,1933/
769,Falun,1922/
2038,Falun,1946/
1940,Falun,1928/
2301,Falun,1947/
37,Falun,1929/
2345,Falun,1927/
480,Falun,1921/
1577,Falun,1938/
977,Falun,1934/
1352,Falun,1940/
401,Falun,1939/
1871,Falun,1931/
2126,Falun,1936/
202,Falun,1948/
306,Falun,1932/
1515,Falun,1930/
1739,Falun,1923/
2426,Falun,1920/
1822,Falun,1935/
529,Fiskeby,1921/
2518,Fjäle,1942/
1438,Fjäle,1941/
1666,Fjäle,1944/
112,Fjäle,1943/
765,Fnridhill,1922/
581,Fridhill,1924/
336,Fridhill,1932/
497,Fridhill,1921/
2417,Fridhill,1920/
1701,Fridhill,1923/
749,Fridhill,1922/
1959,Fritorp,1928/
2405,Fritorp,1920/
841,Fritorp,1933/
545,Fritorp,1924/
1468,Fritorp,1930/
768,Fritorp,1922/
882,Fritorp,1925/
478,Fritorp,1921/
1737,Fritorp,1923/
12,Fritorp,1929/
310,Fritorp,1932/
1873,Fritorp,1931/
2352,Fritorp,1927/
952,Fritorp,1934/
1301,Fritorp,1926/
2433,Frosterud,1920/
2523,Frägsta,1942/
96,Frägsta,1943/
1607,Frägsta,1938/
1408,Frägsta,1941/
251,Frägsta,1937/
447,Frägsta,1939/
1667,Frägsta,1944/
1366,Frägsta,1940/
1439,Frändesta,1941/
249,Frändesta,1937/
2511,Frändesta,1942/
1336,Frändesta,1940/
139,Frändesta,1943/
432,Frändesta,1939/
2087,Frändesta,1946/
2227,Frändesta,1945/
1658,Frändesta,1944/
1611,Frändesta,1938/
524,Funäsdalen,1921/
17,Furuvik,1929/
1499,Furuvik,1930/
1935,Furuvik,1928/
355,Furuvik,1932/
1275,Furuvik,1926/
1877,Furuvik,1931/
2328,Furuvik,1927/
1527,Fårekulla,1930/
33,Fårekulla,1929/
1918,Fårekulla,1931/
332,Fårekulla,1932/
2132,Gahns,1936/
960,Gahns,1934/
1790,Gahns,1935/
812,Gans,1933/
10,Gans,1929/
2362,Gans,1927/
887,Gans,1925/
1503,Gans,1930/
318,Gans,1932/
1979,Gans,1928/
1860,Gans,1931/
1264,Gans,1926/
2464,Gasabäck,1920/
733,Gasabäck,1922/
1733,Gasabäck,1923/
512,Gasabäck,1921/
540,Gasabäck,1924/
1448,Gisselås,1941/
2215,Gisselås,1945/
168,Gisselås,1948/
128,Gisselås,1943/
2078,Gisselås,1946/
2539,Gisselås,1942/
1624,Gisselås,1944/
993,Golvvasta,1934/
2330,Golvvasta,1927/
1509,Golvvasta,1930/
2462,Golvvasta,1920/
817,Golvvasta,1933/
590,Golvvasta,1924/
38,Golvvasta,1929/
1323,Golvvasta,1926/
1975,Golvvasta,1928/
1874,Golvvasta,1931/
371,Golvvasta,1932/
492,Golvvasta,1921/
1756,Golvvasta,1923/
932,Golvvasta,1925/
1684,Granebo,1944/
1441,Granebo,1941/
2083,Granebo,1946/
2521,Granebo,1942/
2249,Granebo,1945/
2317,Granebo,1947/
454,Granebo,1939/
2432,Grimbo,1920/
1996,Grimbo,1928/
2169,Grimbo,1936/
296,Grimbo,1937/
1536,Grimbo,1930/
2381,Grimbo,1927/
526,Grimbo,1921/
577,Grimbo,1924/
942,Grimbo,1925/
1837,Grimbo,1935/
845,Grimbo,1933/
331,Grimbo,1932/
1921,Grimbo,1931/
63,Grimbo,1929/
989,Grimbo,1934/
1299,Grimbo,1926/
739,Grimbo,1922/
1714,Grimbo,1923/
1010,Grytterud,1934/
2327,Grängesberg,1927/
1263,Grängesberg,1926/
1417,Grängesberg,1941/
1589,Grängesberg,1938/
707,Grängesberg,1922/
2119,Grängesberg,1936/
1707,Grängesberg,1923/
1864,Grängesberg,1931/
790,Grängesberg,1933/
2196,Grängesberg,1945/
1635,Grängesberg,1944/
886,Grängesberg,1925/
1547,Grängesberg,1930/
1829,Grängesberg,1935/
2276,Grängesberg,1947/
998,Grängesberg,1934/
2515,Grängesberg,1942/
505,Grängesberg,1921/
57,Grängesberg,1929/
419,Grängesberg,1939/
2431,Grängesberg,1920/
550,Grängesberg,1924/
255,Grängesberg,1937/
321,Grängesberg,1932/
1013,Grängseberg,1934/
104,Grönvik,1943/
2371,Grönvik,1927/
1769,Grönvik,1935/
290,Grönvik,1937/
1058,Grönvik,1952/
1141,Grönvik,1949/
1416,Grönvik,1941/
2108,Grönvik,1936/
829,Grönvik,1933/
493,Grönvik,1921/
1486,Grönvik,1930/
1936,Grönvik,1928/
1755,Grönvik,1923/
190,Grönvik,1948/
2057,Grönvik,1946/
2265,Grönvik,1947/
2479,Grönvik,1942/
349,Grönvik,1932/
941,Grönvik,1925/
1291,Grönvik,1926/
62,Grönvik,1929/
1224,Grönvik,1951/
767,Grönvik,1922/
2203,Grönvik,1945/
641,Grönvik,1950/
1643,Grönvik,1944/
955,Grönvik,1934/
601,Grönvik,1924/
1896,Grönvik,1931/
1426,Gäddvik,1941/
2437,Gäre,1920/
1506,Gävle,1930/
1409,Gävle,1941/
1875,Gävle,1931/
2274,Gävle,1947/
79,Gävle,1943/
313,Gävle,1932/
788,Gävle,1933/
385,Gävle,1939/
2043,Gävle,1946/
556,Gävle,1924/
624,Gävle,1950/
2329,Gävle,1927/
1175,Gävle,1951/
991,Gävle,1934/
1765,Gävle,1935/
509,Gävle,1921/
2408,Gävle,1920/
163,Gävle,1948/
1119,Gävle,1949/
1252,Gävle,1926/
1076,Gävle,1952/
2506,Gävle,1942/
1711,Gävle,1923/
904,Gävle,1925/
275,Gävle,1937/
24,Gävle,1929/
1625,Gävle,1944/
1949,Gävle,1928/
1606,Gävle,1938/
738,Gävle,1922/
2106,Gävle,1936/
2186,Gävle,1945/
1333,Gävle,1940/
944,Gåns,1925/
472,Gårda,1921/
2474,Gårda,1920/
1690,Göingegården,1944/
1447,Göingegården,1941/
99,Göingegården,1943/
2282,Göingegården,1947/
2091,Göingegården,1946/
2221,Göingegården,1945/
180,Göingegården,1948/
2530,Göingegården,1942/
410,Göteborg,1939/
1859,Göteborg,1931/
2294,Göteborg,1947/
157,Göteborg,1948/
561,Göteborg,1924/
1379,Göteborg,1940/
1596,Göteborg,1938/
2513,Göteborg,1942/
1556,Göteborg,198485/
979,Göteborg,1934/
1793,Göteborg,1935/
1132,Göteborg,1949/
116,Göteborg,1943/
898,Göteborg,1925/
462,Göteborg,1921/
2042,Göteborg,1946/
1421,Göteborg,1941/
307,Göteborg,1932/
1725,Göteborg,1923/
2102,Göteborg,1936/
1179,Göteborg,1951/
791,Göteborg,1933/
2335,Göteborg,1927/
1656,Göteborg,1944/
1933,Göteborg,1928/
5,Göteborg,1929/
1930,Göteborg,198687/
1253,Göteborg,1926/
262,Göteborg,1937/
1477,Göteborg,1930/
731,Göteborg,1922/
614,Göteborg,1950/
2209,Göteborg,1945/
1053,Göteborg,1952/
2473,HKRevinge,1920/
1694,Hagaström,1923/
546,Hagaström,1924/
2404,Hagaström,1920/
891,Hagaström,1925/
711,Hagaström,1922/
479,Hagaström,1921/
1999,Hallagården,1928/
1289,Hallagården,1926/
837,Hallagården,1933/
1907,Hallagården,1931/
230,Hallagården,1937/
305,Hallagården,1932/
1706,Hallagården,1923/
1778,Hallagården,1935/
28,Hallagården,1929/
531,Hallagården,1921/
1514,Hallagården,1930/
2351,Hallagården,1927/
2131,Hallagården,1936/
777,Hallagården,1922/
1018,Hallagården,1934/
945,Hallagården,1925/
587,Hallagården,1924/
225,Halland,198586/
214,Hallstahammar,1948/
903,Halmstad,1925/
1095,Halmstad,1952/
660,Halmstad,1950/
728,Halmstad,1922/
584,Halmstad,1924/
1507,Halmstad,1930/
1941,Halmstad,1928/
20,Halmstad,1929/
1731,Halmstad,1923/
325,Halmstad,1932/
1245,Halmstad,1951/
820,Halmstad,1933/
1847,Halmstad,1931/
1249,Halmstad,1926/
2353,Halmstad,1927/
285,Hanaskog,1937/
414,Hanaskog,1939/
1584,Hanaskog,1938/
2080,Haverö,1946/
2228,Haverö,1945/
136,Haverö,1943/
437,Haverö,1939/
787,Haverö,1933/
1827,Haverö,1935/
288,Haverö,1937/
667,Haverö,1950/
1553,Heby,197677/
1372,Hede,1940/
434,Hede,1939/
1418,Hede,1941/
265,Hede,1937/
1583,Hede,1938/
2535,Hede,1942/
2231,Hedensbyn,1945/
2527,Hedensbyn,1942/
1670,Hedensbyn,1944/
93,Hedensbyn,1943/
2071,Hedensbyn,1946/
1428,Hedensbyn,1941/
736,Helgagård,1922/
578,Helgagård,1924/
506,Helgagård,1921/
1719,Helgagård,1923/
223,Helsingfors,198586/
456,Hjälmaren,198283/
1989,Hov,1928/
521,Hov,1921/
1262,Hov,1926/
417,Hultsfred,1939/
1370,Hultsfred,1940/
861,Hultsfred,1933/
257,Hultsfred,1937/
981,Hultsfred,1934/
2144,Hultsfred,1936/
2465,Huskvarna,1920/
1721,Huskvarna,1923/
501,Huskvarna,1921/
286,Huskvarna,1937/
1889,Huskvarna,1931/
1614,Huskvarna,1938/
2162,Huskvarna,1936/
2344,Huskvarna,1927/
444,Huskvarna,1939/
751,Huskvarna,1922/
585,Huskvarna,1924/
1525,Huskvarna,1930/
870,Huskvarna,1925/
1942,Huskvarna,1928/
381,Huskvarna,1932/
799,Huskvarna,1933/
1292,Huskvarna,1926/
1810,Huskvarna,1935/
997,Huskvarna,1934/
699,Huskvarna,198182/
218,Hyssna,1948/
1234,Hyssna,1951/
317,Hällbacken,1932/
1745,Hällbacken,1923/
735,Hällbacken,1922/
1361,Hällbacken,1940/
413,Hällbacken,1939/
966,Hällbacken,1934/
284,Hällbacken,1937/
2366,Hällbacken,1927/
596,Hällbacken,1924/
47,Hällbacken,1929/
1581,Hällbacken,1938/
1405,Hällbacken,1941/
105,Hällbacken,1943/
1908,Hällbacken,1931/
2117,Hällbacken,1936/
797,Hällbacken,1933/
1968,Hällbacken,1928/
1279,Hällbacken,1926/
2482,Hällbacken,1942/
922,Hällbacken,1925/
2238,Hällbacken,1945/
1473,Hällbacken,1930/
1653,Hällbacken,1944/
1816,Hällbacken,1935/
1241,Hällefors,1951/
1674,Hällefors,1944/
685,Hällefors,1950/
122,Hällefors,1943/
1169,Hällefors,1949/
2526,Hällefors,1942/
1817,Hälleforsnäs,1935/
2008,Hälsingborg,1928/
1414,Hälsingborg,1941/
2380,Hälsingborg,1927/
118,Hälsingborg,1943/
936,Hälsingborg,1925/
2507,Hälsingborg,1942/
1544,Hälsingborg,1930/
6,Hälsingborg,1929/
1681,Hälsingborg,1944/
2411,Hässlås,1920/
1002,Häste,1934/
827,Häste,1933/
914,Häste,1925/
1821,Häste,1935/
2128,Häste,1936/
1537,Häste,1930/
59,Häste,1929/
348,Häste,1932/
1880,Häste,1931/
1995,Häste,1928/
1619,Häste,1938/
1759,Häste,1923/
267,Häste,1937/
421,Häste,1939/
1304,Häste,1926/
200,Höganäs,1948/
1685,Höganäs,1944/
2254,Höganäs,1945/
392,Höganäs,1939/
1455,Höganäs,1941/
1970,Högby,1928/
2382,Högby,1927/
1015,Höjen,1934/
1622,Höjen,1938/
1813,Höjen,1935/
402,Höjen,1939/
2112,Höjen,1936/
864,Höjen,1933/
1378,Höjen,1940/
2403,Hökhult,1920/
750,Hökhult,1922/
1388,Hönö,1940/
404,Hönö,1939/
842,Hönö,1933/
2099,Hönö,1936/
1798,Hönö,1935/
1599,Hönö,1938/
1754,Hörby,1923/
1298,Hörby,1926/
1538,Hörby,1930/
889,Hörby,1925/
964,Hörby,1934/
2340,Hörby,1927/
803,Hörby,1933/
566,Hörby,1924/
1956,Hörby,1928/
1784,Hörby,1935/
45,Hörby,1929/
341,Hörby,1932/
1886,Hörby,1931/
2135,Hörby,1936/
756,Hörninge,1922/
1727,Hörninge,1923/
580,Hörninge,1924/
277,Höör,1937/
1491,Höör,1930/
1028,Höör,1934/
2149,Höör,1936/
1854,Höör,1931/
1826,Höör,1935/
357,Höör,1932/
36,Höör,1929/
528,Höör,1921/
838,Höör,1933/
986,ITgelboda,1934/
1849,Igelboda,1931/
1362,Igelboda,1940/
42,Igelboda,1929/
983,Igelboda,1934/
2363,Igelboda,1927/
107,Igelboda,1943/
471,Igelboda,1921/
2460,Igelboda,1920/
604,Igelboda,1924/
789,Igelboda,1933/
1324,Igelboda,1926/
443,Igelboda,1939/
263,Igelboda,1937/
1932,Igelboda,1928/
1761,Igelboda,1923/
2537,Igelboda,1942/
1480,Igelboda,1930/
1399,Igelboda,1941/
2157,Igelboda,1936/
1573,Igelboda,1938/
927,Igelboda,1925/
1811,Igelboda,1935/
347,Igelboda,1932/
757,Igelboda,1922/
1112,Igelsbo,1949/
2049,Igelsbo,1946/
1032,Igelsbo,1952/
166,Igelsbo,1948/
615,Igelsbo,1950/
2310,Igelsbo,1947/
1210,Igelsbo,1951/
486,Jonsjö,1921/
1686,Julita,1944/
252,Julita,1937/
690,Jämtland,198990/
210,Järvsand,1948/
2232,Järvsand,1945/
2266,Järvsand,1947/
1180,Järvsand,1951/
678,Järvsand,1950/
2430,Jönköping,1920/
2034,Kalix,1946/
1205,Kalix,1951/
628,Kalix,1950/
1089,Kalix,1952/
2545,Kalix,1942/
1676,Kalix,1944/
2304,Kalix,1947/
2190,Kalix,1945/
148,Kalix,1943/
1134,Kalix,1949/
2012,Kallhäll,197879/
2089,Kalmar,1946/
1879,Kalmar,1931/
56,Kalmar,1929/
572,Kalmar,1924/
1407,Kalmar,1941/
339,Kalmar,1932/
1728,Kalmar,1923/
298,Kalmar,1937/
883,Kalmar,1925/
2140,Kalmar,1936/
491,Kalmar,1921/
1012,Kalmar,1934/
2354,Kalmar,1927/
2451,Kalmar,1920/
1777,Kalmar,1935/
831,Kalmar,1933/
1258,Kalmar,1926/
1966,Kalmar,1928/
1469,Kalmar,1930/
726,Kalmar,1922/
700,Karlsborg,198182/
2018,Karlsborg,197879/
696,Karlsborg,197980/
926,Karlskoga,1925/
608,Karlskoga,1924/
1319,Karlskorna,1926/
1789,Karlskrona,1935/
548,Karlskrona,1924/
19,Karlskrona,1929/
1476,Karlskrona,1930/
1944,Karlskrona,1928/
954,Karlskrona,1934/
786,Karlskrona,1933/
2320,Karlskrona,1927/
1374,Karlskrona,1940/
1715,Karlskrona,1923/
314,Karlskrona,1932/
1268,Karlskrona,1926/
720,Karlskrona,1922/
893,Karlskrona,1925/
1876,Karlskrona,1931/
2105,Karlskrona,1936/
1029,Karlstad,1934/
2255,Karlstad,1945/
2540,Karlstad,1942/
1687,Karlstad,1944/
369,Karlstad,1932/
2281,Karlstad,1947/
1211,Karlstad,1951/
1171,Karlstad,1949/
123,Karlstad,1943/
2103,Karlstad,1936/
669,Karlstad,1950/
213,Karlstad,1948/
2065,Karlstad,1946/
2015,Karlstad,197879/
1051,Karlstad,1952/
856,Karlstad,1933/
1931,Kasenberg,1928/
1518,Kasenberg,1930/
764,Kasenberg,1922/
330,Kasenberg,1932/
1281,Kasenberg,1926/
2334,Kasenberg,1927/
502,Kasenberg,1921/
1720,Kasenberg,1923/
878,Kasenberg,1925/
287,Kasenberg,1937/
2141,Kasenberg,1936/
574,Kasenberg,1924/
44,Kasenberg,1929/
963,Kasenberg,1934/
1910,Kasenberg,1931/
826,Kasenberg,1933/
1154,Kastaniegården,1949/
1178,Kastanjegården,1951/
1142,Kastanjegården,1949/
2195,Kastanjegården,1945/
154,Kastanjegården,1948/
1071,Kastanjegården,1952/
638,Kastanjegården,1950/
127,Kastanjegården,1943/
1461,Kastanjegården,1941/
2308,Kastanjegården,1947/
2533,Kastanjegården,1942/
2036,Kastanjegården,1946/
1647,Kastanjegården,1944/
672,Kastlösa,1950/
442,Kastlösa,1939/
132,Kastlösa,1943/
1096,Kastlösa,1952/
905,Katrineholm,1925/
1897,Katrineholm,1931/
710,Katrineholm,1922/
594,Katrineholm,1924/
48,Katrineholm,1929/
316,Katrineholm,1932/
1327,Katrineholm,1926/
1498,Katrineholm,1930/
1972,Katrineholm,1928/
1741,Katrineholm,1923/
2343,Katrineholm,1927/
1328,Kemiälven,199192/
2062,Kieryd,1946/
1145,Kieryd,1949/
2214,Kieryd,1945/
636,Kieryd,1950/
1216,Kieryd,1951/
193,Kieryd,1948/
1689,Kinna,1944/
1580,Kinna,1938/
2182,Kinna,1945/
1440,Kinna,1941/
2532,Kinna,1942/
1377,Kinna,1940/
111,Kinna,1943/
439,Kinna,1939/
689,Kiruna,198990/
224,Kisa,198586/
694,Klarälven,197980/
2422,Knapasjö,1920/
2459,Kniäppinge,1920/
488,Knäppinge,1921/
2420,Knäppinge,1920/
2441,Kollungeröd,1920/
2436,Kosta,1920/
2184,Kramfors,1945/
1576,Kramfors,1938/
406,Kramfors,1939/
1365,Kramfors,1940/
226,Kramfors,1937/
2056,Kramfors,1946/
2297,Kramfors,1947/
216,Kramfors,1948/
1917,Kristanstad,1931/
1780,Kristianstad,1935/
35,Kristianstad,1929/
2009,Kristianstad,1928/
2369,Kristianstad,1927/
1852,Kristianstad,1931/
333,Kristianstad,1932/
1466,Kristianstad,1930/
953,Kristianstad,1934/
2123,Kristianstad,1936/
297,Kristinehamn,1937/
2031,Kristinehamn,1946/
1631,Kristinehamn,1944/
1567,Kristinehamn,1938/
1424,Kristinehamn,1941/
681,Kristinehamn,1950/
1168,Kristinehamn,1949/
211,Kristinehamn,1948/
2213,Kristinehamn,1945/
1226,Kristinehamn,1951/
1337,Kristinehamn,1940/
126,Kristinehamn,1943/
2314,Kristinehamn,1947/
398,Kristinehamn,1939/
1060,Kristinehamn,1952/
266,Krogstorp,1937/
1801,Krogstorp,1935/
511,Kroken,1921/
606,Kroken,1924/
2463,Kroken,1920/
1738,Kroken,1923/
759,Kroken,1922/
2452,Kuilenbergstorp,1920/
900,Kuilenbergstorp,1925/
2339,Kullen,1927/
1976,Kullen,1928/
1735,Kullen,1923/
351,Kullen,1932/
1496,Kullen,1930/
2142,Kullen,1936/
847,Kullen,1933/
40,Kullen,1929/
2425,Kullen,1920/
552,Kullen,1924/
972,Kullen,1934/
484,Kullen,1921/
1786,Kullen,1935/
737,Kullen,1922/
1308,Kullen,1926/
1865,Kullen,1931/
940,Kullen,1925/
9,Kullenbergstorp,1929/
1470,Kullenbergstorp,1930/
88,Kullenbergstorp,1943/
1450,Kullenbergstorp,1941/
1248,Kullenbergstorp,1926/
1692,Kullenbergstorp,1923/
2173,Kullenbergstorp,1936/
1937,Kullenbergstorp,1928/
495,Kullenbergstorp,1921/
1848,Kullenbergstorp,1931/
2397,Kullenbergstorp,1920/
2332,Kullenbergstorp,1927/
959,Kullenbergstorp,1934/
311,Kullenbergstorp,1932/
704,Kullenbergstorp,1922/
2529,Kullenbergstorp,1942/
783,Kullenbergstorp,1933/
541,Kullenbergstorp,1924/
868,Kullenbergstorp,1925/
1655,Kullenbergstorp,1944/
1492,Kullenborgstorp,1930/
611,Kullersta,1924/
515,Kullersta,1921/
2424,Kullersta,1920/
939,Kullersta,1925/
775,Kullersta,1922/
2372,Kullienbergstorp,1927/
1757,Kungsör,1923/
721,Kungsör,1922/
2449,Kungsör,1920/
476,Kungsör,1921/
1955,Kälkebo,1928/
734,Kälkebo,1922/
885,Kälkebo,1925/
588,Kälkebo,1924/
459,Kälkebo,1921/
1717,Kälkebo,1923/
2374,Kälkebo,1927/
1256,Kälkebo,1926/
2457,Källeräng,1920/
1758,Köping,1923/
1990,Köping,1928/
1311,Köping,1926/
919,Köping,1925/
776,Köping,1922/
600,Köping,1924/
2373,Köping,1927/
1709,Labbemåla,1923/
2058,Landafors,1946/
1130,Landafors,1949/
153,Landafors,1948/
661,Landafors,1950/
2210,Landafors,1945/
2272,Landafors,1947/
2400,Landeryd,1920/
463,Landeryd,1921/
808,Landeryd,1933/
708,Landeryd,1922/
1672,Landskrona,1944/
1124,Landskrona,1949/
2543,Landskrona,1942/
631,Landskrona,1950/
2187,Landskrona,1945/
2052,Landskrona,1946/
1459,Landskrona,1941/
137,Landskrona,1943/
441,Landskrona,1939/
1835,Landskrona,1935/
222,Landskrona,1948/
957,Leabo,1934/
862,Leabo,1933/
175,Lekåsa,1948/
108,Lekåsa,1943/
1011,Lekåsa,1934/
2538,Lekåsa,1942/
1351,Lekåsa,1940/
449,Lekåsa,1939/
1648,Lekåsa,1944/
235,Lekåsa,1937/
1571,Lekåsa,1938/
1427,Lekåsa,1941/
2252,Lekåsa,1945/
2156,Lekåsa,1936/
2055,Lekåsa,1946/
2259,Lekåsa,1947/
1293,Lerbäcksbyn,1926/
1017,Lerbäcksbyn,1934/
2365,Lerbäcksbyn,1927/
912,Lerbäcksbyn,1925/
1901,Lerbäcksbyn,1931/
21,Lerbäcksbyn,1929/
1819,Lerbäcksbyn,1935/
344,Lerbäcksbyn,1932/
821,Lerbäcksbyn,1933/
1487,Lerbäcksbyn,1930/
1560,Lesjöfors,1938/
283,Lesjöfors,1937/
391,Lesjöfors,1939/
1167,Lijungskile,1949/
795,Lindome,1933/
1363,Lindome,1940/
300,Lindome,1937/
1831,Lindome,1935/
1545,Lindome,1930/
1881,Lindome,1931/
1948,Linköping,1928/
2333,Linköping,1927/
1172,Linköping,1949/
1221,Linköping,1951/
924,Linköping,1925/
18,Linköping,1929/
1290,Linköping,1926/
1464,Linköping,1930/
2509,Ljungskile,1942/
1411,Ljungskile,1941/
2193,Ljungskile,1945/
2025,Ljungskile,1946/
150,Ljungskile,1948/
1103,Ljungskile,1949/
100,Ljungskile,1943/
633,Ljungskile,1950/
1048,Ljungskile,1952/
2258,Ljungskile,1947/
1646,Ljungskile,1944/
1197,Ljungskile,1951/
2466,Ljusterö,1920/
2484,Luleå,1942/
2024,Luleå,1946/
785,Luleå,1933/
1347,Luleå,1940/
2122,Luleå,1936/
1559,Luleå,1938/
405,Luleå,1939/
985,Luleå,1934/
653,Luleå,1950/
239,Luleå,1937/
1410,Luleå,1941/
82,Luleå,1943/
2257,Luleå,1947/
1046,Luleå,1952/
1925,Luleå,198889/
1199,Luleå,1951/
1121,Luleå,1949/
159,Luleå,1948/
1785,Luleå,1935/
2192,Luleå,1945/
1644,Luleå,1944/
865,Lulå,1933/
715,Lummelunda,1922/
1750,Lummelunda,1923/
591,Lummelunda,1924/
2179,Lund,1945/
2019,Lund,197879/
2189,Luttra,1945/
1037,Luttra,1952/
1200,Luttra,1951/
165,Luttra,1948/
1143,Luttra,1949/
2067,Luttra,1946/
651,Luttra,1950/
695,Lycksele,197980/
1722,Långelanda,1923/
2477,Långelanda,1920/
762,Långelanda,1922/
597,Långelanda,1924/
1247,Långviksmon,1951/
1073,Långviksmon,1952/
1041,Löbbo,1952/
1517,Löbbo,1930/
1638,Löbbo,1944/
879,Löbbo,1925/
1204,Löbbo,1951/
415,Löbbo,1939/
1113,Löbbo,1949/
1774,Löbbo,1935/
2003,Löbbo,1928/
2061,Löbbo,1946/
2504,Löbbo,1942/
1905,Löbbo,1931/
1430,Löbbo,1941/
2395,Löbbo,1927/
55,Löbbo,1929/
295,Löbbo,1937/
2284,Löbbo,1947/
1004,Löbbo,1934/
2109,Löbbo,1936/
2198,Löbbo,1945/
1343,Löbbo,1940/
309,Löbbo,1932/
811,Löbbo,1933/
177,Löbbo,1948/
645,Löbbo,1950/
1592,Löbbo,1938/
90,Löbbo,1943/
2021,Lönsboda,197879/
2094,Malmgrava,1946/
2218,Malmgrava,1945/
2298,Malmgrava,1947/
181,Malmgrava,1948/
934,Malmö,1925/
1915,Malmö,1931/
2133,Malmö,1936/
72,Malmö,1929/
555,Malmö,1924/
702,Malmö,198788/
1412,Malmö,1941/
629,Malmö,1950/
97,Malmö,1943/
1712,Malmö,1923/
356,Malmö,1932/
1574,Malmö,1938/
1338,Malmö,1940/
152,Malmö,1948/
1267,Malmö,1926/
2500,Malmö,1942/
687,Malmö,198990/
1796,Malmö,1935/
800,Malmö,1933/
2267,Malmö,1947/
395,Malmö,1939/
232,Malmö,1937/
1629,Malmö,1944/
1193,Malmö,1951/
2367,Malmö,1927/
2442,Malmö,1920/
2039,Malmö,1946/
1500,Malmö,1930/
2207,Malmö,1945/
1061,Malmö,1952/
458,Malmö,1921/
1117,Malmö,1949/
968,Malmö,1934/
1329,Malå,199293/
814,Mellerud,1933/
1533,Mellerud,1930/
2275,Mellerud,1947/
1832,Mellerud,1935/
763,Mellerud,1922/
142,Mellerud,1943/
1558,Mellerud,1938/
2490,Mellerud,1942/
2139,Mellerud,1936/
2028,Mellerud,1946/
2386,Mellerud,1927/
204,Mellerud,1948/
1047,Mellerud,1952/
925,Mellerud,1925/
227,Mellerud,1937/
1668,Mellerud,1944/
969,Mellerud,1934/
1306,Mellerud,1926/
2178,Mellerud,1945/
609,Mellerud,1924/
29,Mellerud,1929/
1348,Mellerud,1940/
1217,Mellerud,1951/
632,Mellerud,1950/
327,Mellerud,1932/
1909,Mellerud,1931/
1120,Mellerud,1949/
411,Mellerud,1939/
1436,Mellerud,1941/
2467,Milsmaden,1920/
487,Milsmaden,1921/
982,Mora,1934/
2409,Mora,1920/
345,Mora,1932/
1111,Mora,1949/
1946,Mora,1928/
485,Mora,1921/
2379,Mora,1927/
723,Mora,1922/
844,Mora,1933/
14,Mora,1929/
1740,Mora,1923/
1894,Mora,1931/
567,Mora,1924/
2148,Mora,1936/
1791,Mora,1935/
1521,Mora,1930/
1651,Munkaljungby,1944/
2313,Munkaljungby,1947/
980,Munkaljungby,1934/
643,Munkaljungby,1950/
2247,Munkaljungby,1945/
1122,Munkaljungby,1949/
1531,Munkedal,1930/
1916,Munkedal,1931/
435,Munkedal,1939/
320,Munkedal,1932/
796,Munkedal,1933/
1344,Munkedal,1940/
270,Munkedal,1937/
1025,Munkedal,1934/
2097,Munkedal,1936/
1598,Munkedal,1938/
1445,Munkedal,1941/
1799,Munkedal,1935/
1188,Mvysinge,1951/
195,Mvysinge,1948/
1389,Mysinge,1940/
655,Mysinge,1950/
1126,Mysinge,1949/
430,Mysinge,1939/
2069,Mysinge,1946/
1637,Mysinge,1944/
173,Mysinge,1948/
1220,Mysinge,1951/
2300,Mysinge,1947/
2204,Mysinge,1945/
1080,Mysinge,1952/
568,Mölndal,1924/
1251,Mölndal,1926/
1957,Mölndal,1928/
1634,Mölndal,1944/
1376,Mölndal,1940/
146,Mölndal,1943/
445,Mölndal,1939/
1423,Mölndal,1941/
2514,Mölndal,1942/
1107,Mölndal,1949/
2234,Mölndal,1945/
921,Mölndal,1925/
1052,Mölndal,1952/
1228,Mölndal,1951/
1753,Mölndal,1923/
652,Mölndal,1950/
743,Mölndal,1922/
160,Mölndal,1948/
2309,Mölndal,1947/
2086,Mölndal,1946/
2376,Mölndal,1927/
477,Mörby,1921/
832,Mörbylånga,1933/
2154,Mörbylånga,1936/
605,Mörkhult,1924/
1458,Mörlanda,1941/
946,Norge,198384/
1552,Norge,197677/
2316,Norköping,1947/
1923,Norrbotten,198889/
1842,Norrbotten,197576/
2312,Norrby,1947/
129,Norrby,1943/
1364,Norrby,1940/
1219,Norrby,1951/
217,Norrby,1948/
1054,Norrby,1952/
2236,Norrby,1945/
1123,Norrby,1949/
1446,Norrby,1941/
1214,Norregård,1951/
196,Norregård,1948/
2487,Norregård,1942/
1138,Norregård,1949/
2224,Norregård,1945/
2077,Norregård,1946/
282,Norregård,1937/
1632,Norregård,1944/
140,Norregård,1943/
1460,Norregård,1941/
455,Norregård,1939/
1083,Norregård,1952/
1610,Norregård,1938/
1369,Norregård,1940/
2273,Norregård,1947/
668,Norregård,1950/
2299,Norrfors,1947/
198,Norrfors,1948/
2072,Norrfors,1946/
665,Norrfors,1950/
234,Norrfors,1937/
1617,Norrfors,1938/
1239,Norrfors,1951/
2233,Norrfors,1945/
1086,Norrfors,1952/
1077,Norrköping,1952/
268,Norrköping,1937/
1888,Norrköping,1931/
1003,Norrköping,1934/
346,Norrköping,1932/
724,Norrköping,1922/
1565,Norrköping,1938/
461,Norrköping,1921/
2060,Norrköping,1946/
1339,Norrköping,1940/
686,Norrköping,1950/
2205,Norrköping,1945/
2125,Norrköping,1936/
384,Norrköping,1939/
1209,Norrköping,1951/
2306,Norrköping,1947/
1782,Norrköping,1935/
1163,Norrköping,1949/
813,Norrköping,1933/
171,Norrköping,1948/
2502,Norrlångträsk,1942/
147,Norrlångträsk,1943/
1390,Norrlångträsk,1940/
396,Norrlångträsk,1939/
1398,Norrlångträsk,1941/
1857,Norup,1931/
2,Norup,1929/
2155,Norup,1936/
1286,Norup,1926/
718,Norup,1922/
460,Norup,1921/
1703,Norup,1923/
1934,Norup,1928/
2319,Norup,1927/
896,Norup,1925/
543,Norup,1924/
863,Norup,1933/
1823,Norup,1935/
2414,Norup,1920/
1475,Norup,1930/
1960,Nyborg,1928/
1297,Nyborg,1926/
482,Nyborg,1921/
2402,Nyborg,1920/
2357,Nyborg,1927/
908,Nyborg,1925/
774,Nyborg,1922/
1534,Nyborg,1930/
1808,Närlinge,1935/
2143,Närlinge,1936/
639,Näs,1950/
1229,Näs,1951/
1074,Näs,1952/
1149,Näs,1949/
1452,Näsviken,1941/
1225,Olofström,1951/
1088,Olofström,1952/
2438,Olstorp,1920/
1094,Osbv,1952/
1928,Osby,198687/
1129,Osby,1949/
1195,Osby,1951/
691,Osby,197980/
1063,Osby,1952/
649,Osby,1950/
2305,Oskarshamn,1947/
2040,Oskarshamn,1946/
467,Ovanmyra,1921/
117,Ovanmyra,1943/
353,Ovanmyra,1932/
840,Ovanmyra,1933/
1273,Ovanmyra,1926/
4,Ovanmyra,1929/
1991,Ovanmyra,1928/
1779,Ovanmyra,1935/
888,Ovanmyra,1925/
2358,Ovanmyra,1927/
2516,Ovanmyra,1942/
1853,Ovanmyra,1931/
446,Ovanmyra,1939/
1497,Ovanmyra,1930/
1393,Ovanmyra,1941/
2170,Ovanmyra,1936/
1572,Ovanmyra,1938/
1334,Ovanmyra,1940/
289,Ovanmyra,1937/
1014,Ovanmyra,1934/
2456,Oviken,1920/
1927,Pajala,198687/
693,Paris,197980/
1984,Prästbol,1928/
1679,Prästbol,1944/
299,Prästbol,1937/
377,Prästbol,1932/
1325,Prästbol,1926/
436,Prästbol,1939/
1913,Prästbol,1931/
130,Prästbol,1943/
1425,Prästbol,1941/
1006,Prästbol,1934/
1825,Prästbol,1935/
1358,Prästbol,1940/
2498,Prästbol,1942/
1623,Prästbol,1938/
2454,Ramst,1920/
579,Ramsta,1924/
13,Ramsta,1929/
2401,Ramsta,1920/
1833,Ramsta,1935/
312,Ramsta,1932/
899,Ramsta,1925/
2368,Ramsta,1927/
1978,Ramsta,1928/
1481,Ramsta,1930/
741,Ramsta,1922/
1742,Ramsta,1923/
819,Ramsta,1933/
1884,Ramsta,1931/
513,Ramsta,1921/
1315,Ramsta,1926/
988,Ramsta,1934/
1493,Rasjön,1930/
705,Rasjön,1922/
1863,Rasjön,1931/
231,Rasjön,1937/
810,Rasjön,1933/
52,Rasjön,1929/
319,Rasjön,1932/
871,Rasjön,1925/
1724,Rasjön,1923/
2342,Rasjön,1927/
2113,Rasjön,1936/
551,Rasjön,1924/
1776,Rasjön,1935/
996,Rasjön,1934/
1314,Rasjön,1926/
518,Rasjön,1921/
393,Rasjön,1939/
1557,Rasjön,1938/
1981,Rasjön,1928/
1541,Raästock,1930/
713,Revinge,1922/
2006,Revinge,1928/
872,Revinge,1925/
1282,Revinge,1926/
2336,Revinge,1927/
2407,Revinge,1920/
365,Revinge,1932/
1495,Revinge,1930/
1861,Revinge,1931/
553,Revinge,1924/
508,Revinge,1921/
1705,Revinge,1923/
26,Revinge,1929/
1814,Rimforsa,1935/
2115,Rimforsa,1936/
2005,Rimforsa,1928/
2370,Rimforsa,1927/
833,Rimforsa,1933/
1287,Rimforsa,1926/
271,Rimforsa,1937/
25,Rimforsa,1929/
408,Rimforsa,1939/
1548,Rimforsa,1930/
999,Rimforsa,1934/
363,Rimforsa,1932/
362,Risinge,1932/
532,Risinge,1921/
1983,Risinge,1928/
1,Risinge,1929/
1850,Risinge,1931/
1524,Risinge,1930/
1227,Ronneby,1951/
208,Ronneby,1948/
1151,Ronneby,1949/
682,Ronneby,1950/
1056,Ronneby,1952/
623,Rossbol,1950/
1218,Rossbol,1951/
207,Rossbol,1948/
1087,Rossbol,1952/
2073,Rossbol,1946/
1147,Rossbol,1949/
2269,Rossbol,1947/
2243,Rossbol,1945/
2528,Rosta,1942/
1636,Rosta,1944/
1797,Rosta,1935/
176,Rosta,1948/
1340,Rosta,1940/
1620,Rosta,1938/
2245,Rosta,1945/
390,Rosta,1939/
1432,Rosta,1941/
2107,Rosta,1936/
1026,Rosta,1934/
2064,Rosta,1946/
121,Rosta,1943/
292,Rosta,1937/
836,Rosta,1933/
2384,Rostock,1927/
1501,Rotebro,1930/
834,Rotebro,1933/
304,Rotebro,1932/
1027,Rotebro,1934/
31,Rotebro,1929/
1906,Rotebro,1931/
2095,Rubbestad,1936/
1401,Rubbestad,1941/
805,Rubbestad,1933/
2496,Rubbestad,1942/
1016,Rubbestad,1934/
1836,Rubbestad,1935/
242,Rubbestad,1937/
1578,Rubbestad,1938/
95,Rubbestad,1943/
400,Rubbestad,1939/
1354,Rubbestad,1940/
1454,Rubestad,1941/
1244,Rvggestad,1951/
1232,Ryggestad,1951/
1158,Ryggestad,1949/
675,Ryggestad,1950/
1090,Ryggestad,1952/
2439,Rättvik,1920/
2211,Rådom,1945/
187,Rådom,1948/
1215,Rådom,1951/
619,Rådom,1950/
115,Rådom,1943/
2289,Rådom,1947/
2510,Rådom,1942/
1669,Rådom,1944/
1125,Rådom,1949/
2051,Rådom,1946/
2337,Råstock,1927/
8,Råstock,1929/
1259,Råstock,1926/
229,Råstock,1937/
973,Råstock,1934/
2104,Råstock,1936/
1858,Råstock,1931/
1702,Råstock,1923/
2412,Råstock,1920/
1463,Råstock,1930/
867,Råstock,1925/
302,Råstock,1932/
465,Råstock,1921/
1767,Råstock,1935/
1938,Råstock,1928/
706,Råstock,1922/
542,Råstock,1924/
823,Råstock,1933/
671,Rössbol,1950/
2461,Rösta,1920/
475,Rösta,1921/
855,Sala,1933/
1093,Sala,1952/
1019,Sala,1934/
2483,Sandby,1942/
1434,Sandby,1941/
2165,Sandby,1936/
1371,Sandby,1940/
2248,Sandby,1945/
280,Sandby,1937/
1182,Sandby,1951/
418,Sandby,1939/
1807,Sandby,1935/
2076,Sandby,1946/
133,Sandby,1943/
1677,Sandby,1944/
992,Sandby,1934/
1616,Sandby,1938/
481,Saxtorp,1921/
1242,Skecric,1951/
156,Skediga,1948/
1106,Skediga,1949/
2032,Skediga,1946/
1072,Skediga,1952/
2183,Skediga,1945/
617,Skediga,1950/
1419,Skediga,1941/
1186,Skediga,1951/
2271,Skediga,1947/
2493,Skediga,1942/
85,Skediga,1943/
1633,Skediga,1944/
1128,Skedsbygd,1949/
1069,Skedsbygd,1952/
1402,Skedsbygd,1941/
92,Skedsbygd,1943/
279,Skedsbygd,1937/
1385,Skedsbygd,1940/
1595,Skedsbygd,1938/
155,Skedsbygd,1948/
2499,Skedsbygd,1942/
618,Skedsbygd,1950/
2147,Skedsbygd,1936/
2035,Skedsbygd,1946/
403,Skedsbygd,1939/
2212,Skedsbygd,1945/
2285,Skedsbygd,1947/
1196,Skedsbygd,1951/
1664,Skedsbygd,1944/
2290,Skegrie,1947/
2050,Skegrie,1946/
1108,Skegrie,1949/
642,Skegrie,1950/
1192,Skegrie,1951/
179,Skegrie,1948/
1042,Skegrie,1952/
2230,Skegrie,1945/
2159,Skellefteå,1936/
692,Skellefteå,197980/
1078,Skellefteå,1952/
1771,Skellefteå,1935/
637,Skoglösa,1950/
1131,Skoglösa,1949/
2081,Skoglösa,1946/
2219,Skoglösa,1945/
203,Skoglösa,1948/
1238,Skoglösa,1951/
2311,Skoglösa,1947/
2443,Skottlandshus,1920/
1443,Skutskär,1941/
2524,Skutskär,1942/
212,Skutskär,1948/
2030,Skutskär,1946/
1671,Skutskär,1944/
2241,Skutskär,1945/
2302,Skutskär,1947/
918,Skövde,1925/
1691,Skövde,1923/
308,Skövde,1932/
1406,Skövde,1941/
1184,Skövde,1951/
1770,Skövde,1935/
490,Skövde,1921/
1260,Skövde,1926/
2202,Skövde,1945/
162,Skövde,1948/
1945,Skövde,1928/
658,Skövde,1950/
1127,Skövde,1949/
1373,Skövde,1940/
2419,Skövde,1920/
2120,Skövde,1936/
125,Skövde,1943/
2480,Skövde,1942/
2048,Skövde,1946/
729,Skövde,1922/
1471,Skövde,1930/
1869,Skövde,1931/
46,Skövde,1929/
1613,Skövde,1938/
429,Skövde,1939/
1630,Skövde,1944/
1049,Skövde,1952/
2263,Skövde,1947/
563,Skövde,1924/
792,Skövde,1933/
2341,Skövde,1927/
990,Skövde,1934/
264,Skövde,1937/
698,Smedjebacken,198182/
1187,Smedstorp,1951/
1155,Smedstorp,1949/
1102,Smedstorp,1952/
683,Smedstorp,1950/
2004,Sollefteå,1928/
933,Sollefteå,1925/
70,Sollefteå,1929/
2468,Sollefteå,1920/
2199,Spånstad,1945/
616,Spånstad,1950/
2023,Spånstad,1946/
1104,Spånstad,1949/
102,Spånstad,1943/
1202,Spånstad,1951/
2307,Spånstad,1947/
1433,Spånstad,1941/
1657,Spånstad,1944/
2519,Spånstad,1942/
158,Spånstad,1948/
1237,Stafsund,1951/
1162,Stafsund,1949/
2315,Stafsund,1947/
1085,Stafsund,1952/
206,Stafsund,1948/
664,Stafsund,1950/
2250,Stavsund,1945/
2150,Staxäng,1936/
806,Staxäng,1933/
1783,Staxäng,1935/
259,Staxäng,1937/
1570,Staxäng,1938/
1000,Staxäng,1934/
420,Staxäng,1939/
2542,Steneberg,1942/
1009,Steneberg,1934/
1812,Steneberg,1935/
2163,Steneberg,1936/
272,Steneberg,1937/
135,Steneberg,1943/
1621,Steneberg,1938/
677,Stenkyrka,1950/
1207,Stenkyrka,1951/
191,Stenkyrka,1948/
1084,Stenkyrka,1952/
2295,Stenkyrka,1947/
2063,Stenkyrka,1946/
2244,Stenkyrka,1945/
1136,Stenkyrka,1949/
2390,Stenstu,1927/
1022,Stenstu,1934/
340,Stenstu,1932/
2146,Stenstu,1936/
943,Stenstu,1925/
1882,Stenstu,1931/
1804,Stenstu,1935/
1474,Stenstu,1930/
538,Stenungsund,197778/
489,Stockbolm,1921/
620,Stockhohn,1950/
1101,Stockhohn,1952/
2262,Stockholm,1947/
2016,Stockholm,197879/
2485,Stockholm,1942/
2410,Stockholm,1920/
2322,Stockholm,1927/
2101,Stockholm,1936/
2027,Stockholm,1946/
2175,Stockholm,1945/
0,Stockholm,1975/
621,Stockholm,1950/
869,Stockholm,1925/
701,Stockholm,198788/
397,Stockholm,1939/
1050,Stockholm,1952/
562,Stockholm,1924/
1627,Stockholm,1944/
1177,Stockholm,1951/
1844,Stockholm,1931/
301,Stockholm,1932/
1841,Stockholm,197576/
1465,Stockholm,1930/
464,Stockholm,1921/
151,Stockholm,1948/
732,Stockholm,1922/
240,Stockholm,1937/
1775,Stockholm,1935/
1726,Stockholm,1923/
1400,Stockholm,1941/
1254,Stockholm,1926/
1346,Stockholm,1940/
87,Stockholm,1943/
1115,Stockholm,1949/
784,Stockholm,1933/
688,Stockholm,198990/
950,Stockholm,1934/
16,Stockholm,1929/
1575,Stockholm,1938/
782,Stockholm,198081/
1929,Stockholm,198687/
1943,Stockholm,1928/
457,Stockvik,198283/
703,Stockvik,198788/
1693,Storegården,1923/
1462,Storegården,1930/
1939,Storegården,1928/
350,Storegården,1932/
913,Storegården,1925/
1872,Storegården,1931/
761,Storegården,1922/
1265,Storegården,1926/
569,Storegården,1924/
2325,Storegården,1927/
520,Storegården,1921/
32,Storegården,1929/
378,Storgården,1932/
1542,Storgården,1930/
2194,Stuvsta,1945/
648,Stuvsta,1950/
2268,Stuvsta,1947/
1070,Stuvsta,1952/
1183,Stuvsta,1951/
2026,Stuvsta,1946/
1114,Stuvsta,1949/
186,Stuvsta,1948/
593,Stäringe,1924/
1699,Stäringe,1923/
755,Stäringe,1922/
1036,Sundsvall,1952/
949,Sundsvall,198384/
1206,Sundsvall,1951/
1924,Sundsvall,198889/
1165,Surahammar,1949/
182,Surahammar,1948/
2168,Surahammar,1936/
1065,Svalöv,1952/
1160,Svalöv,1949/
626,Svalöv,1950/
1194,Svalöv,1951/
679,Svensköp,1950/
2093,Svensköp,1946/
1191,Svensköp,1951/
170,Svensköp,1948/
1170,Svensköp,1949/
1075,Svensköp,1952/
2278,Svensköp,1947/
141,Södergård,1943/
394,Södergård,1939/
2100,Södergård,1936/
1806,Södergård,1935/
1332,Södergård,1940/
256,Södergård,1937/
1422,Södergård,1941/
1563,Södergård,1938/
2520,Södergård,1942/
2427,Södertälie,1920/
2428,Södertälje,1920/
877,Södertälje,1925/
1950,Södertälje,1928/
1250,Södertälje,1926/
558,Södertälje,1924/
779,Södertälje,198081/
498,Södertälje,1921/
1730,Södertälje,1923/
2360,Södertälje,1927/
727,Södertälje,1922/
1732,Söderälje,1923/
534,Sörbo,1921/
1800,Sörsjön,1935/
1594,Sörsjön,1938/
64,Sörsjön,1929/
1528,Sörsjön,1930/
809,Sörsjön,1933/
2121,Sörsjön,1936/
1198,Sörsjön,1951/
412,Sörsjön,1939/
178,Sörsjön,1948/
1429,Sörsjön,1941/
253,Sörsjön,1937/
89,Sörsjön,1943/
956,Sörsjön,1934/
1043,Sörsjön,1952/
1380,Sörsjön,1940/
644,Sörsjön,1950/
2197,Sörsjön,1945/
1856,Sörsjön,1931/
1639,Sörsjön,1944/
360,Sörsjön,1932/
2517,Sörsjön,1942/
1137,Sörsjön,1949/
2286,Sörsjön,1947/
2059,Sörsjön,1946/
2470,TIgelboda,1920/
1384,TLmleå,1940/
2497,Tenhult,1942/
1862,Tenhult,1931/
1353,Tidaholm,1940/
440,Tidaholm,1939/
2223,Tidaholm,1945/
2151,Tidaholm,1936/
822,Tidaholm,1933/
1021,Tidaholm,1934/
2531,Tidaholm,1942/
2022,Tidaholm,197879/
1682,Tidaholm,1944/
1830,Tidaholm,1935/
1588,Tidaholm,1938/
254,Tidaholm,1937/
1843,Tidaholm,1931/
109,Tidaholm,1943/
382,Tidaholm,1932/
2445,Tofta,1920/
474,Tofta,1921/
974,Toftered,1934/
233,Toftered,1937/
866,Toftered,1933/
2153,Toftered,1936/
1367,Toftered,1940/
1809,Toftered,1935/
1549,Toftered,1930/
1615,Toftered,1938/
361,Toftered,1932/
276,Torngård,1937/
2053,Torp,1946/
1640,Torp,1944/
1092,Torp,1952/
2292,Torp,1947/
1243,Torp,1951/
1133,Torp,1949/
184,Torp,1948/
124,Torp,1943/
654,Torp,1950/
197,Torsby,1948/
2017,Torsby,197879/
2171,Torsby,1936/
2082,Torsby,1946/
2396,Trollhättan,1927/
780,Trollhättan,198081/
2172,Trollhättan,1936/
712,Trollhättan,1922/
1787,Trollhättan,1935/
1883,Trollhättan,1931/
71,Trollhättan,1929/
1998,Trollhättan,1928/
1504,Trollhättan,1930/
533,Trollhättan,1921/
928,Trollhättan,1925/
1005,Trollhättan,1934/
315,Trollhättan,1932/
851,Trollhättan,1933/
1513,Tryde,1930/
1962,Trången,1928/
603,Trången,1924/
15,Trången,1929/
909,Trången,1925/
984,Trången,1934/
535,Trången,1921/
1280,Trången,1926/
850,Trången,1933/
1773,Trången,1935/
2124,Trången,1936/
1760,Trången,1923/
2347,Trången,1927/
1519,Trången,1930/
1887,Trången,1931/
338,Trången,1932/
1723,Tumbhult,1923/
2448,Tumbhult,1920/
613,Tumbhult,1924/
2378,Tumhult,1927/
2450,Tumhult,1920/
583,Tumhult,1924/
722,Tumhult,1922/
1386,Tumhult,1940/
507,Tumhult,1921/
1982,Tumhult,1928/
426,Tumhult,1939/
935,Tumhult,1925/
1582,Tumhult,1938/
1317,Tumhult,1926/
34,Tumhult,1929/
1743,Tumhult,1923/
1045,Tungelsta,1952/
816,Tungelsta,1933/
754,Tungelsta,1922/
1153,Tungelsta,1949/
2279,Tungelsta,1947/
2217,Tungelsta,1945/
1024,Tungelsta,1934/
246,Tungelsta,1937/
2505,Tungelsta,1942/
1510,Tungelsta,1930/
428,Tungelsta,1939/
2068,Tungelsta,1946/
103,Tungelsta,1943/
1235,Tungelsta,1951/
1904,Tungelsta,1931/
1431,Tungelsta,1941/
1663,Tungelsta,1944/
205,Tungelsta,1948/
2167,Tungelsta,1936/
53,Tungelsta,1929/
1954,Tungelsta,1928/
1350,Tungelsta,1940/
374,Tungelsta,1932/
599,Tungelsta,1924/
635,Tungelsta,1950/
1566,Tungelsta,1938/
858,Tväråselet,1933/
1772,Tväråselet,1935/
438,Tväråselet,1939/
237,Tväråselet,1937/
1608,Tväråselet,1938/
2110,Tväråselet,1936/
1031,Tyresö,1974/
2324,Tånga,1927/
516,Tånga,1921/
1697,Tånga,1923/
892,Tånga,1925/
2475,Tånga,1920/
1269,Tånga,1926/
714,Tånga,1922/
559,Tånga,1924/
2350,Tönnersa,1927/
1878,Tönnersa,1931/
880,Tönnersa,1925/
1321,Tönnersa,1926/
1977,Tönnersa,1928/
1543,Tönnersa,1930/
366,Tönnersa,1932/
1033,Uddevalla,1952/
1116,Uddevalla,1949/
1554,Uddevalla,198485/
539,Uddevalla,197778/
656,Uddevalla,1950/
1213,Uddevalla,1951/
1926,Umeälven,198889/
183,Umeå,1948/
2046,Umeå,1946/
1020,Umeå,1934/
2522,Umeå,1942/
84,Umeå,1943/
1788,Umeå,1935/
1240,Umeå,1951/
2260,Umeå,1947/
423,Umeå,1939/
670,Umeå,1950/
1665,Umeå,1944/
1357,Umeå,1940/
1395,Umeå,1941/
2237,Umeå,1945/
802,Umeå,1933/
1068,Umeå,1952/
1152,Umeå,1949/
1564,Umeå,1938/
243,Umeå,1937/
2136,Umeå,1936/
859,Umå,1933/
1392,Undersvik,1941/
1030,Undersvik,1934/
2503,Undersvik,1942/
1569,Undersvik,1938/
293,Undersvik,1937/
416,Undersvik,1939/
1313,Uppmilby,1926/
2421,Uppmälby,1920/
740,Uppmälby,1922/
494,Uppmälby,1921/
2326,Uppmälby,1927/
329,Uppmälby,1932/
807,Uppmälby,1933/
576,Uppmälby,1924/
30,Uppmälby,1929/
248,Uppmälby,1937/
915,Uppmälby,1925/
1985,Uppmälby,1928/
1278,Uppmälby,1926/
1700,Uppmälby,1923/
1768,Uppmälby,1935/
2096,Uppmälby,1936/
1483,Uppmälby,1930/
1866,Uppmälby,1931/
958,Uppmälby,1934/
530,Uppmälty,1921/
2488,Uppsala,1942/
110,Uppsala,1943/
1442,Uppsala,1941/
1652,Uppsala,1944/
2011,Uppsala,197879/
1303,Vadstena,1926/
758,Vadstena,1922/
1508,Vadstena,1930/
503,Vadstena,1921/
937,Vadstena,1925/
77,Vadstena,1929/
364,Vadstena,1932/
894,Varberg,1925/
595,Varberg,1924/
1734,Varberg,1923/
725,Varberg,1922/
1035,Varberg,1952/
1276,Varberg,1926/
1159,Varuträsk,1949/
1098,Varuträsk,1952/
1688,Varuträsk,1944/
2079,Varuträsk,1946/
2253,Varuträsk,1945/
1246,Varuträsk,1951/
673,Varuträsk,1950/
2283,Varuträsk,1947/
2398,Vibberbo,1920/
470,Vibberbo,1921/
1763,Vibberbo,1923/
746,Vibberbo,1922/
114,Vigelsbo,1943/
1597,Vigelsbo,1938/
2494,Vigelsbo,1942/
431,Vigelsbo,1939/
1662,Vigelsbo,1944/
250,Vigelsbo,1937/
1403,Vigelsbo,1941/
2544,Vikmanshyttan,1942/
1603,Vikmanshyttan,1938/
261,Vikmanshyttan,1937/
2251,Vikmanshyttan,1945/
131,Vikmanshyttan,1943/
1680,Vikmanshyttan,1944/
2085,Vilhelmina,1946/
2200,Vilhelmina,1945/
1135,Vilhelmina,1949/
2303,Vilhelmina,1947/
1059,Vilhelmina,1952/
185,Vilhelmina,1948/
1223,Vilhelmina,1951/
663,Vilhelmina,1950/
1349,Vimmerby,1940/
373,Vimmerby,1932/
1654,Vimmerby,1944/
2092,Vimmerby,1946/
1484,Vimmerby,1930/
2098,Vimmerby,1936/
387,Vimmerby,1939/
1435,Vimmerby,1941/
1600,Vimmerby,1938/
245,Vimmerby,1937/
917,Vimmerby,1925/
219,Vimmerby,1948/
1277,Vimmerby,1926/
60,Vimmerby,1929/
962,Vimmerby,1934/
91,Vimmerby,1943/
1867,Vimmerby,1931/
2280,Vimmerby,1947/
2512,Vimmerby,1942/
1820,Vimmerby,1935/
772,Vimmerby,1922/
828,Vimmerby,1933/
1744,Vimmerby,1923/
2220,Vimmerby,1945/
2054,Vinberg,1946/
453,Vinberg,1939/
194,Vinberg,1948/
684,Vinberg,1950/
1609,Vinberg,1938/
1166,Vinberg,1949/
2242,Vinberg,1945/
2476,Vittinge,1920/
890,Väby,1925/
2000,Väby,1928/
1472,Väby,1930/
1288,Väby,1926/
23,Väby,1929/
1805,Välsnäs,1935/
849,Välsnäs,1933/
2160,Välsnäs,1936/
1601,Vännesby,1938/
978,Vännäsby,1934/
2501,Vännäsby,1942/
839,Vännäsby,1933/
1602,Vännäsby,1938/
2164,Vännäsby,1936/
388,Vännäsby,1939/
113,Vännäsby,1943/
1803,Vännäsby,1935/
1360,Vännäsby,1940/
236,Vännäsby,1937/
1457,Vännäsby,1941/
1555,Värmland,198485/
1322,Västbro,1926/
2394,Västbro,1927/
1958,Västerås,1928/
39,Västerås,1929/
1660,Västerås,1944/
172,Västerås,1948/
81,Västerås,1943/
1899,Västerås,1931/
1795,Västerås,1935/
2491,Västerås,1942/
358,Västerås,1932/
1612,Västerås,1938/
1751,Västerås,1923/
291,Västerås,1937/
2044,Västerås,1946/
2118,Västerås,1936/
407,Västerås,1939/
1272,Västerås,1926/
573,Västerås,1924/
717,Västerås,1922/
2406,Västerås,1920/
1415,Västerås,1941/
2277,Västerås,1947/
1356,Västerås,1940/
1008,Västerås,1934/
468,Västerås,1921/
2321,Västerås,1927/
2225,Västerås,1945/
1512,Västerås,1930/
923,Västerås,1925/
794,Västerås,1933/
2014,Västtyskland,197879/
2389,Vätö,1927/
536,Vätö,1921/
582,Vätö,1924/
1747,Vätö,1923/
1316,Vätö,1926/
1953,Vätö,1928/
1161,Växjö,1949/
2188,Växjö,1945/
164,Växjö,1948/
1079,Växjö,1952/
676,Växjö,1950/
98,Växjö,1943/
1673,Växjö,1944/
1174,Växjö,1951/
1456,Växjö,1941/
2293,Växjö,1947/
2002,Ystad,1928/
1551,Zaire,197677/
1718,Älvsered,1923/
873,Älvsered,1925/
607,Älvsered,1924/
1271,Älvsered,1926/
854,Ängtorp,1933/
781,Åmotfors,198081/
2013,Åmotfors,197879/
947,Åmål,198384/
1381,Åtvidaberg,1940/
2534,Åtvidaberg,1942/
94,Åtvidaberg,1943/
1451,Åtvidaberg,1941/
2208,Öckerö,1945/
119,Öckerö,1943/
1587,Öckerö,1938/
2541,Öckerö,1942/
451,Öckerö,1939/
247,Öckerö,1937/
1345,Öckerö,1940/
1645,Öckerö,1944/
1764,Önnarp,1964/
1081,Önnarp,1952/
630,Önnarp,1950/
1222,Önnarp,1951/
483,Örebhro,1921/
1919,Örebro,1931/
2033,Örebro,1946/
860,Örebro,1933/
65,Örebro,1929/
2264,Örebro,1947/
987,Örebro,1934/
450,Örebro,1939/
1511,Örebro,1930/
557,Örebro,1924/
709,Örebro,1922/
2176,Örebro,1945/
2161,Örebro,1936/
1330,Örebro,199293/
376,Örebro,1932/
1749,Örebro,1923/
188,Örebro,1948/
2413,Örebro,1920/
1375,Örebro,1940/
466,Örebro,1921/
778,Örkelljunga,198081/
1530,Österbo,1930/
1922,Österbo,1931/
2020,Östergötland,197879/
697,Östersjön,198182/
496,Östersund,1921/
1420,Östersund,1941/
1964,Östersund,1928/
1502,Östersund,1930/
326,Östersund,1932/
1561,Östersund,1938/
433,Östersund,1939/
971,Östersund,1934/
2114,Östersund,1936/
51,Östersund,1929/
2348,Östersund,1927/
2287,Östersund,1947/
169,Östersund,1948/
1109,Östersund,1949/
2492,Östersund,1942/
680,Östersund,1950/
1066,Östersund,1952/
1838,Östersund,1935/
1649,Östersund,1944/
228,Östersund,1937/
1300,Östersund,1926/
1846,Östersund,1931/
612,Östersund,1924/
101,Östersund,1943/
1335,Östersund,1940/
2177,Östersund,1945/
1208,Östersund,1951/
815,Östersund,1933/
2029,Östersund,1946/
948,Övertorneå,198384/
